{"-3":{"time":18,"count":2,"stdev":0},"+2":{"time":15.818181818181827,"count":11,"stdev":2.3667161607752907},"+3":{"time":15,"count":1},"+8":{"time":7,"count":1},"-4":{"time":0.5,"count":2,"stdev":2.25}}