{"-7":{"-5":{"time":27,"count":1},"-3":{"time":21.33333333333333,"count":3,"stdev":1.5855247992033694},"+2":{"time":17.125,"count":4,"stdev":1.6746769312539294},"+3":{"time":20,"count":1}},"-5":{"+1":{"time":15.666666666666664,"count":3,"stdev":1.6180406532456335},"+2":{"time":16.63636363636364,"count":11,"stdev":1.4398851411770117},"+3":{"time":20,"count":2,"stdev":0},"+8":{"time":3.666666666666668,"count":3,"stdev":2.129488723196773},"-3":{"time":1,"count":3,"stdev":0},"-4":{"time":23,"count":1},"+6":{"time":14.5,"count":1},"-2":{"time":0.5,"count":1}},"-4":{"+1":{"time":19,"count":2,"stdev":0},"+2":{"time":19,"count":5,"stdev":0.7222889926399877},"+3":{"time":15.799999999999997,"count":5,"stdev":5.175301923559629},"+7":{"time":13.75,"count":4,"stdev":6.25689434558806},"+8":{"time":21,"count":1},"+10":{"time":3,"count":3,"stdev":1.0307764064044151},"-3":{"time":20,"count":3,"stdev":1.0307764064044151}},"-3":{"+2":{"time":18,"count":6,"stdev":1.703142520297244},"+3":{"time":15,"count":3,"stdev":3.092329219213245},"+8":{"time":16.25,"count":4,"stdev":2.1496392892934564},"+9":{"time":14,"count":1},"+10":{"time":3,"count":1},"+7":{"time":14,"count":1},"+1":{"time":16.625,"count":2,"stdev":6.9375}},"+1":{"+2":{"time":16.875,"count":8,"stdev":1.8325169492726563},"+8":{"time":12.75,"count":4,"stdev":2.5568761684408465},"+3":{"time":11,"count":1},"+7":{"time":14,"count":1}},"+2":{"+3":{"time":14.200000000000003,"count":10,"stdev":2.4005893499004265},"+7":{"time":12.125,"count":4,"stdev":2.475136780732195},"+8":{"time":14.75,"count":4,"stdev":1.539788645910235},"+9":{"time":9.333333333333334,"count":3,"stdev":0.5892556509887887},"+10":{"time":11.5,"count":2,"stdev":2.25},"+6":{"time":11,"count":1}},"+3":{"+7":{"time":9,"count":1},"+8":{"time":10,"count":1},"+9":{"time":13,"count":1},"+10":{"time":10,"count":1}},"-6":{"-5":{"time":22,"count":1},"+8":{"time":20,"count":1},"+7":{"time":1,"count":1},"-3":{"time":0,"count":1}},"+8":{"+11":{"time":13,"count":1}},"+7":{"+8":{"time":14.5,"count":2,"stdev":0.75}},"-2":{"+2":{"time":13,"count":1}},"+6":{"+7":{"time":17,"count":1},"+10":{"time":10,"count":1}},"-1":{"+1":{"time":23,"count":1}}}